2025-10-20_18-46-26,None,draft.py:2025-10-20_18-46-26
2025-10-20_19-12-12,None,draft.py:2025-10-20_19-12-12
2025-10-20_19-13-27,None,draft.py:2025-10-20_19-13-27
2025-10-20_19-16-16,None,draft.py:2025-10-20_19-16-16
2025-10-20_19-16-51,None,draft.py:2025-10-20_19-16-51
2025-10-20_19-18-27,None,draft.py:2025-10-20_19-16-51
2025-10-20_19-22-23,None,draft.py:2025-10-20_19-16-51
2025-10-20_19-22-25,None,draft.py:2025-10-20_19-16-51
2025-10-20_19-28-12,None,draft.py:2025-10-20_19-28-12
2025-10-20_19-31-42,None,draft.py:2025-10-20_19-28-12
2025-10-20_19-31-52,None,draft.py:2025-10-20_19-28-12
2025-10-20_19-31-53,None,draft.py:2025-10-20_19-28-12
2025-10-20_19-32-03,None,draft.py:2025-10-20_19-32-03
2025-10-20_19-32-12,None,draft.py:2025-10-20_19-32-12
2025-10-20_19-32-15,None,draft.py:2025-10-20_19-32-12
2025-10-20_19-32-29,None,draft.py:2025-10-20_19-32-29
2025-10-20_19-32-38,None,draft.py:2025-10-20_19-32-38
2025-10-20_19-32-49,None,draft.py:2025-10-20_19-32-49
2025-10-20_19-32-57,None,draft.py:2025-10-20_19-32-57
2025-10-20_19-33-05,None,draft.py:2025-10-20_19-33-05
2025-10-20_19-33-12,None,draft.py:2025-10-20_19-33-12
2025-10-20_19-33-17,None,draft.py:2025-10-20_19-33-17
2025-10-20_19-44-49,None,draft.py:2025-10-20_19-44-49
2025-10-20_19-45-08,None,draft.py:2025-10-20_19-45-08
2025-10-20_19-55-20,None,draft.py:2025-10-20_19-55-20
2025-10-20_19-55-21,None,draft.py:2025-10-20_19-55-20
2025-10-20_19-55-26,None,draft.py:2025-10-20_19-55-20
2025-10-20_19-55-57,None,draft.py:2025-10-20_19-55-57
2025-10-20_19-56-52,None,draft.py:2025-10-20_19-56-52
2025-10-20_19-57-18,None,draft.py:2025-10-20_19-56-52
2025-10-20_19-58-46,None,draft.py:2025-10-20_19-58-46
2025-10-20_19-58-52,None,draft.py:2025-10-20_19-58-52
2025-10-20_19-58-56,None,draft.py:2025-10-20_19-58-56
